[{"model": "kviz.choice", "pk": 1, "fields": {"question": 1, "choice_text": "samo Luis", "votes": 95}}, {"model": "kviz.choice", "pk": 2, "fields": {"question": 1, "choice_text": "salsu", "votes": 48}}, {"model": "kviz.choice", "pk": 3, "fields": {"question": 3, "choice_text": "Tacno", "votes": 91}}, {"model": "kviz.choice", "pk": 4, "fields": {"question": 3, "choice_text": "Netacno", "votes": 46}}, {"model": "kviz.choice", "pk": 5, "fields": {"question": 2, "choice_text": "gledas red voznje", "votes": 86}}, {"model": "kviz.choice", "pk": 6, "fields": {"question": 2, "choice_text": "da trazis jogurt", "votes": 53}}, {"model": "kviz.choice", "pk": 7, "fields": {"question": 4, "choice_text": "Zuti", "votes": 84}}, {"model": "kviz.choice", "pk": 8, "fields": {"question": 4, "choice_text": "Crni", "votes": 53}}, {"model": "kviz.choice", "pk": 9, "fields": {"question": 5, "choice_text": "Rambo", "votes": 84}}, {"model": "kviz.choice", "pk": 10, "fields": {"question": 5, "choice_text": "Baletan", "votes": 36}}, {"model": "kviz.choice", "pk": 11, "fields": {"question": 5, "choice_text": "Cak Noris", "votes": 22}}, {"model": "kviz.choice", "pk": 24, "fields": {"question": 12, "choice_text": "Grohotom", "votes": 44}}, {"model": "kviz.choice", "pk": 25, "fields": {"question": 12, "choice_text": "Diskretno", "votes": 34}}, {"model": "kviz.choice", "pk": 26, "fields": {"question": 13, "choice_text": "antibo", "votes": 49}}, {"model": "kviz.choice", "pk": 27, "fields": {"question": 13, "choice_text": "orban", "votes": 11}}, {"model": "kviz.choice", "pk": 32, "fields": {"question": 15, "choice_text": "pecem zeca", "votes": 34}}, {"model": "kviz.choice", "pk": 33, "fields": {"question": 15, "choice_text": "pijem cisk", "votes": 10}}, {"model": "kviz.choice", "pk": 34, "fields": {"question": 16, "choice_text": "wine", "votes": 32}}, {"model": "kviz.choice", "pk": 35, "fields": {"question": 16, "choice_text": "rum", "votes": 6}}, {"model": "contenttypes.contenttype", "pk": 1, "fields": {"app_label": "kviz", "model": "question"}}, {"model": "contenttypes.contenttype", "pk": 2, "fields": {"app_label": "kviz", "model": "choice"}}, {"model": "contenttypes.contenttype", "pk": 3, "fields": {"app_label": "admin", "model": "logentry"}}, {"model": "contenttypes.contenttype", "pk": 4, "fields": {"app_label": "auth", "model": "permission"}}, {"model": "contenttypes.contenttype", "pk": 5, "fields": {"app_label": "auth", "model": "group"}}, {"model": "contenttypes.contenttype", "pk": 6, "fields": {"app_label": "auth", "model": "user"}}, {"model": "contenttypes.contenttype", "pk": 7, "fields": {"app_label": "contenttypes", "model": "contenttype"}}, {"model": "contenttypes.contenttype", "pk": 8, "fields": {"app_label": "sessions", "model": "session"}}, {"model": "contenttypes.contenttype", "pk": 9, "fields": {"app_label": "kvizReact", "model": "snippet"}}, {"model": "contenttypes.contenttype", "pk": 10, "fields": {"app_label": "kviz", "model": "profile"}}, {"model": "sessions.session", "pk": "0361vkigjv575v6dxhhj7jgdroy6da8r", "fields": {"session_data": "ZjIyODdiOWJiYzExZTRiNDNkNDNiYzg3NjBiM2ZmMTk4NTUyNGU0MTp7Il9hdXRoX3VzZXJfaWQiOiIxIiwiX2F1dGhfdXNlcl9iYWNrZW5kIjoiZGphbmdvLmNvbnRyaWIuYXV0aC5iYWNrZW5kcy5Nb2RlbEJhY2tlbmQiLCJfYXV0aF91c2VyX2hhc2giOiI4YjI2MDVjMjhhZjlkOGM3NDllODgwOGUxMjBhODUxOTFkMWM5ZGI2In0=", "expire_date": "2020-07-14T22:11:12.406Z"}}, {"model": "sessions.session", "pk": "0h7e7n5i7ls21lku513tcmscwa1aciy2", "fields": {"session_data": "MGZmMGUyMmFmYTJjNjFiYzhjYmNlNzg2MzkxMWU2ZmMxZGExODA2MTp7Il9hdXRoX3VzZXJfaWQiOiIxIiwiX2F1dGhfdXNlcl9iYWNrZW5kIjoiZGphbmdvLmNvbnRyaWIuYXV0aC5iYWNrZW5kcy5Nb2RlbEJhY2tlbmQiLCJfYXV0aF91c2VyX2hhc2giOiI2NTgxMzA0MGZmNmFiNmI5Y2FkYTY2OGFiY2RlY2I3NmRjMTkyODk2In0=", "expire_date": "2020-05-24T20:44:22.920Z"}}, {"model": "sessions.session", "pk": "1hfazchm20zjdk420q9cx5le8w3jdh8u", "fields": {"session_data": "MGMwOWE4Y2U0ODFjMWQ1M2UxM2ZmNGViYWQ4ZDJmNTZmYWU4MzBlMDp7Il9hdXRoX3VzZXJfaWQiOiI1IiwiX2F1dGhfdXNlcl9iYWNrZW5kIjoiZGphbmdvLmNvbnRyaWIuYXV0aC5iYWNrZW5kcy5Nb2RlbEJhY2tlbmQiLCJfYXV0aF91c2VyX2hhc2giOiI1ODJjMWFhMWEyOTNiNjEzY2ZiMzRlNDQwZGM3NThhZTcxMjdjNDFhIiwicXVlc3Rpb25fbnVtYmVyIjo2LCJyZXN1bHQiOlsic2FtbyBMdWlzIiwiZ2xlZGFzIHJlZCB2b3puamUiLCJUYWNubyIsIlp1dGkiLCJSYW1ibyJdfQ==", "expire_date": "2020-05-25T20:17:01.011Z"}}, {"model": "sessions.session", "pk": "1xbqze9c1he7mfsxktmub7pcoef3l996", "fields": {"session_data": "MGZmMGUyMmFmYTJjNjFiYzhjYmNlNzg2MzkxMWU2ZmMxZGExODA2MTp7Il9hdXRoX3VzZXJfaWQiOiIxIiwiX2F1dGhfdXNlcl9iYWNrZW5kIjoiZGphbmdvLmNvbnRyaWIuYXV0aC5iYWNrZW5kcy5Nb2RlbEJhY2tlbmQiLCJfYXV0aF91c2VyX2hhc2giOiI2NTgxMzA0MGZmNmFiNmI5Y2FkYTY2OGFiY2RlY2I3NmRjMTkyODk2In0=", "expire_date": "2020-05-24T22:35:37.319Z"}}, {"model": "sessions.session", "pk": "3o6r9r4fsw6ij7qnqrr0mwxdi5amaiie", "fields": {"session_data": "MDFkYmIyYjEwZDQ1ZTZkODM4NWU4Y2QwNGRmOTRiMWJkNzZhZmI1MDp7Il9hdXRoX3VzZXJfaWQiOiI0IiwiX2F1dGhfdXNlcl9iYWNrZW5kIjoiZGphbmdvLmNvbnRyaWIuYXV0aC5iYWNrZW5kcy5Nb2RlbEJhY2tlbmQiLCJfYXV0aF91c2VyX2hhc2giOiI0MGI2ZWZjNWU5MWFlZjE0ZjRmMWE5NjRiMTg0YzRmNWJkMDkzMGI2In0=", "expire_date": "2020-05-24T22:35:00.302Z"}}, {"model": "sessions.session", "pk": "d5bszjx82gke0kqftsddk8httpit0ifi", "fields": {"session_data": "NjhmOTE5NzYzYzkxMGY5YzAzZTJjMjk2ZDE4MjdjZThjZjYwMzNlODp7Il9hdXRoX3VzZXJfaWQiOiIxIiwiX2F1dGhfdXNlcl9iYWNrZW5kIjoiZGphbmdvLmNvbnRyaWIuYXV0aC5iYWNrZW5kcy5Nb2RlbEJhY2tlbmQiLCJfYXV0aF91c2VyX2hhc2giOiJjMmFiNTE1ZGMwZTVmMGUxOTYyZTJhZjQ2YTNiOGQ4Mjc5ZWM5MTE3In0=", "expire_date": "2020-08-04T12:07:33.298Z"}}, {"model": "sessions.session", "pk": "f1b0bh7jxnbvjx2966f6858i0gn649bl", "fields": {"session_data": "MGZmMGUyMmFmYTJjNjFiYzhjYmNlNzg2MzkxMWU2ZmMxZGExODA2MTp7Il9hdXRoX3VzZXJfaWQiOiIxIiwiX2F1dGhfdXNlcl9iYWNrZW5kIjoiZGphbmdvLmNvbnRyaWIuYXV0aC5iYWNrZW5kcy5Nb2RlbEJhY2tlbmQiLCJfYXV0aF91c2VyX2hhc2giOiI2NTgxMzA0MGZmNmFiNmI5Y2FkYTY2OGFiY2RlY2I3NmRjMTkyODk2In0=", "expire_date": "2020-05-24T21:50:34.123Z"}}, {"model": "sessions.session", "pk": "g05bhoo938qcyl5boy0zy17oqchy2qai", "fields": {"session_data": "NzYzMGYyYTlkYmJiZWE1Zjk0MTE3YjAwZTNjNDZmNzFmMWU2MWQyNTp7InF1ZXN0aW9uX251bWJlciI6MSwicmVzdWx0IjpbXX0=", "expire_date": "2020-05-22T12:05:46.228Z"}}, {"model": "sessions.session", "pk": "kau8qq5e7qo4m27gn18fnj666yvxvjdl", "fields": {"session_data": "NjVlNzkxY2VmZWU2NmQ2MzYyMDNiN2ZiYTIyNjkyNTRhODg1MGM0Mjp7Il9hdXRoX3VzZXJfaWQiOiI2IiwiX2F1dGhfdXNlcl9iYWNrZW5kIjoiZGphbmdvLmNvbnRyaWIuYXV0aC5iYWNrZW5kcy5Nb2RlbEJhY2tlbmQiLCJfYXV0aF91c2VyX2hhc2giOiIyNDNjNDMzZDVlNDhmZGJlZmJmYWI5ODk5NGNhNDQ0Y2RjYWNmZTZhIn0=", "expire_date": "2020-06-02T20:53:49.471Z"}}, {"model": "sessions.session", "pk": "mrf5chvghhc11xj9cpgwq8wvu0wimfa8", "fields": {"session_data": "NGQ3YjFhZjRiMWQzZGI0YjY4NDQwMDAyMWUzOThlNjc5OTYzNWZmNzp7Il9hdXRoX3VzZXJfaWQiOiIzIiwiX2F1dGhfdXNlcl9iYWNrZW5kIjoiZGphbmdvLmNvbnRyaWIuYXV0aC5iYWNrZW5kcy5Nb2RlbEJhY2tlbmQiLCJfYXV0aF91c2VyX2hhc2giOiJiNTA0ZTFmZGQ2OTE3NjU5ZDRkZjZjZTBjNGE3NmE5NzcyYmQ0NzcyIn0=", "expire_date": "2020-05-24T22:34:07.427Z"}}, {"model": "sessions.session", "pk": "qmcs5pur9nrfg50td0c925ywsiqlqjxp", "fields": {"session_data": "NzYzMGYyYTlkYmJiZWE1Zjk0MTE3YjAwZTNjNDZmNzFmMWU2MWQyNTp7InF1ZXN0aW9uX251bWJlciI6MSwicmVzdWx0IjpbXX0=", "expire_date": "2020-05-20T22:30:44.959Z"}}, {"model": "sessions.session", "pk": "qrqhm8khx3gubyz9yxthsnfmgg7xhdqh", "fields": {"session_data": "MGZmMGUyMmFmYTJjNjFiYzhjYmNlNzg2MzkxMWU2ZmMxZGExODA2MTp7Il9hdXRoX3VzZXJfaWQiOiIxIiwiX2F1dGhfdXNlcl9iYWNrZW5kIjoiZGphbmdvLmNvbnRyaWIuYXV0aC5iYWNrZW5kcy5Nb2RlbEJhY2tlbmQiLCJfYXV0aF91c2VyX2hhc2giOiI2NTgxMzA0MGZmNmFiNmI5Y2FkYTY2OGFiY2RlY2I3NmRjMTkyODk2In0=", "expire_date": "2020-05-24T16:12:43.915Z"}}, {"model": "sessions.session", "pk": "zcz9545zypl40ws97z489nefpvob54bs", "fields": {"session_data": "MjJhNWI1YjIxMmE5ZjkwNDRiZmE2ZjBkZmUzYmMwZjM5YmI1ZWZkYzp7Il9hdXRoX3VzZXJfaWQiOiIxIiwiX2F1dGhfdXNlcl9iYWNrZW5kIjoiZGphbmdvLmNvbnRyaWIuYXV0aC5iYWNrZW5kcy5Nb2RlbEJhY2tlbmQiLCJfYXV0aF91c2VyX2hhc2giOiI2NTgxMzA0MGZmNmFiNmI5Y2FkYTY2OGFiY2RlY2I3NmRjMTkyODk2IiwicXVlc3Rpb25fbnVtYmVyIjoxLCJyZXN1bHQiOltdfQ==", "expire_date": "2020-05-24T16:13:44.491Z"}}, {"model": "auth.permission", "pk": 1, "fields": {"name": "Can add question", "content_type": 1, "codename": "add_question"}}, {"model": "auth.permission", "pk": 2, "fields": {"name": "Can change question", "content_type": 1, "codename": "change_question"}}, {"model": "auth.permission", "pk": 3, "fields": {"name": "Can delete question", "content_type": 1, "codename": "delete_question"}}, {"model": "auth.permission", "pk": 4, "fields": {"name": "Can view question", "content_type": 1, "codename": "view_question"}}, {"model": "auth.permission", "pk": 5, "fields": {"name": "Can add choice", "content_type": 2, "codename": "add_choice"}}, {"model": "auth.permission", "pk": 6, "fields": {"name": "Can change choice", "content_type": 2, "codename": "change_choice"}}, {"model": "auth.permission", "pk": 7, "fields": {"name": "Can delete choice", "content_type": 2, "codename": "delete_choice"}}, {"model": "auth.permission", "pk": 8, "fields": {"name": "Can view choice", "content_type": 2, "codename": "view_choice"}}, {"model": "auth.permission", "pk": 9, "fields": {"name": "Can add log entry", "content_type": 3, "codename": "add_logentry"}}, {"model": "auth.permission", "pk": 10, "fields": {"name": "Can change log entry", "content_type": 3, "codename": "change_logentry"}}, {"model": "auth.permission", "pk": 11, "fields": {"name": "Can delete log entry", "content_type": 3, "codename": "delete_logentry"}}, {"model": "auth.permission", "pk": 12, "fields": {"name": "Can view log entry", "content_type": 3, "codename": "view_logentry"}}, {"model": "auth.permission", "pk": 13, "fields": {"name": "Can add permission", "content_type": 4, "codename": "add_permission"}}, {"model": "auth.permission", "pk": 14, "fields": {"name": "Can change permission", "content_type": 4, "codename": "change_permission"}}, {"model": "auth.permission", "pk": 15, "fields": {"name": "Can delete permission", "content_type": 4, "codename": "delete_permission"}}, {"model": "auth.permission", "pk": 16, "fields": {"name": "Can view permission", "content_type": 4, "codename": "view_permission"}}, {"model": "auth.permission", "pk": 17, "fields": {"name": "Can add group", "content_type": 5, "codename": "add_group"}}, {"model": "auth.permission", "pk": 18, "fields": {"name": "Can change group", "content_type": 5, "codename": "change_group"}}, {"model": "auth.permission", "pk": 19, "fields": {"name": "Can delete group", "content_type": 5, "codename": "delete_group"}}, {"model": "auth.permission", "pk": 20, "fields": {"name": "Can view group", "content_type": 5, "codename": "view_group"}}, {"model": "auth.permission", "pk": 21, "fields": {"name": "Can add user", "content_type": 6, "codename": "add_user"}}, {"model": "auth.permission", "pk": 22, "fields": {"name": "Can change user", "content_type": 6, "codename": "change_user"}}, {"model": "auth.permission", "pk": 23, "fields": {"name": "Can delete user", "content_type": 6, "codename": "delete_user"}}, {"model": "auth.permission", "pk": 24, "fields": {"name": "Can view user", "content_type": 6, "codename": "view_user"}}, {"model": "auth.permission", "pk": 25, "fields": {"name": "Can add content type", "content_type": 7, "codename": "add_contenttype"}}, {"model": "auth.permission", "pk": 26, "fields": {"name": "Can change content type", "content_type": 7, "codename": "change_contenttype"}}, {"model": "auth.permission", "pk": 27, "fields": {"name": "Can delete content type", "content_type": 7, "codename": "delete_contenttype"}}, {"model": "auth.permission", "pk": 28, "fields": {"name": "Can view content type", "content_type": 7, "codename": "view_contenttype"}}, {"model": "auth.permission", "pk": 29, "fields": {"name": "Can add session", "content_type": 8, "codename": "add_session"}}, {"model": "auth.permission", "pk": 30, "fields": {"name": "Can change session", "content_type": 8, "codename": "change_session"}}, {"model": "auth.permission", "pk": 31, "fields": {"name": "Can delete session", "content_type": 8, "codename": "delete_session"}}, {"model": "auth.permission", "pk": 32, "fields": {"name": "Can view session", "content_type": 8, "codename": "view_session"}}, {"model": "auth.permission", "pk": 33, "fields": {"name": "Can add snippet", "content_type": 9, "codename": "add_snippet"}}, {"model": "auth.permission", "pk": 34, "fields": {"name": "Can change snippet", "content_type": 9, "codename": "change_snippet"}}, {"model": "auth.permission", "pk": 35, "fields": {"name": "Can delete snippet", "content_type": 9, "codename": "delete_snippet"}}, {"model": "auth.permission", "pk": 36, "fields": {"name": "Can view snippet", "content_type": 9, "codename": "view_snippet"}}, {"model": "auth.permission", "pk": 37, "fields": {"name": "Can add profile", "content_type": 10, "codename": "add_profile"}}, {"model": "auth.permission", "pk": 38, "fields": {"name": "Can change profile", "content_type": 10, "codename": "change_profile"}}, {"model": "auth.permission", "pk": 39, "fields": {"name": "Can delete profile", "content_type": 10, "codename": "delete_profile"}}, {"model": "auth.permission", "pk": 40, "fields": {"name": "Can view profile", "content_type": 10, "codename": "view_profile"}}, {"model": "auth.user", "pk": 1, "fields": {"password": "pbkdf2_sha256$150000$hcnEAq0KSFwA$Kt0ek+8bcYQ2Cn830uw8f+pCqDmRxOaj2jXTUwavg4A=", "last_login": "2020-07-21T12:07:33.281Z", "is_superuser": true, "username": "admin", "first_name": "", "last_name": "", "email": "", "is_staff": true, "is_active": true, "date_joined": "2020-05-06T17:51:53Z", "groups": [], "user_permissions": []}}, {"model": "auth.user", "pk": 2, "fields": {"password": "pbkdf2_sha256$150000$T9y7yPOI6nzr$fCtrC86y3nSNk4BiyrlYq0RWXNoEjulChge18PdtzzI=", "last_login": "2020-05-10T20:43:53.647Z", "is_superuser": false, "username": "test", "first_name": "", "last_name": "", "email": "", "is_staff": false, "is_active": true, "date_joined": "2020-05-10T20:43:53.249Z", "groups": [], "user_permissions": []}}, {"model": "auth.user", "pk": 3, "fields": {"password": "pbkdf2_sha256$150000$NKoP5x7pzGtj$pI+eIlqFqYQY2eO3izSQC8Mx/bzBjLVN9Cn9UdzDFKc=", "last_login": "2020-05-10T22:37:06.267Z", "is_superuser": false, "username": "Milica", "first_name": "", "last_name": "", "email": "", "is_staff": false, "is_active": true, "date_joined": "2020-05-10T22:34:07.029Z", "groups": [], "user_permissions": []}}, {"model": "auth.user", "pk": 4, "fields": {"password": "pbkdf2_sha256$150000$7J9jZmpXlY1C$0JeehCFQXBWYvrimzVpeNmRRg8ZggYtvTWFoejiqscE=", "last_login": "2020-05-10T22:35:00.290Z", "is_superuser": false, "username": "MilicaD", "first_name": "", "last_name": "", "email": "", "is_staff": false, "is_active": true, "date_joined": "2020-05-10T22:34:59.920Z", "groups": [], "user_permissions": []}}, {"model": "auth.user", "pk": 5, "fields": {"password": "pbkdf2_sha256$150000$d9Pb2GL9CU3i$QIBPwfJu57Rjytxq69yb2E2npK7OwQDoj86L+rkoPzY=", "last_login": "2020-05-11T20:16:30.495Z", "is_superuser": false, "username": "siki", "first_name": "", "last_name": "", "email": "", "is_staff": false, "is_active": true, "date_joined": "2020-05-11T20:16:30.134Z", "groups": [], "user_permissions": []}}, {"model": "auth.user", "pk": 6, "fields": {"password": "pbkdf2_sha256$150000$uxfOGuztaNk1$Q8B/MUgfcpvMXZEmxno5NTq13tubAsbvJkX6gqijWe4=", "last_login": "2020-05-19T20:53:49.459Z", "is_superuser": false, "username": "vind", "first_name": "", "last_name": "", "email": "", "is_staff": false, "is_active": true, "date_joined": "2020-05-19T20:53:49.095Z", "groups": [], "user_permissions": []}}, {"model": "admin.logentry", "pk": 1, "fields": {"action_time": "2020-05-06T21:28:16.392Z", "user": 1, "content_type": 1, "object_id": "1", "object_repr": "Koju muziku slusas?", "action_flag": 1, "change_message": "[{\"added\": {}}, {\"added\": {\"name\": \"choice\", \"object\": \"samo Luis\"}}, {\"added\": {\"name\": \"choice\", \"object\": \"salsu\"}}, {\"added\": {\"name\": \"choice\", \"object\": \"Djani\"}}]"}}, {"model": "admin.logentry", "pk": 2, "fields": {"action_time": "2020-05-06T21:43:41.104Z", "user": 1, "content_type": 1, "object_id": "2", "object_repr": "Na letovanju najvi\u0161e volim:", "action_flag": 1, "change_message": "[{\"added\": {}}, {\"added\": {\"name\": \"choice\", \"object\": \"da kumu brises...\"}}, {\"added\": {\"name\": \"choice\", \"object\": \"gledas red voznje\"}}, {\"added\": {\"name\": \"choice\", \"object\": \"trazim jogurt\"}}]"}}, {"model": "admin.logentry", "pk": 3, "fields": {"action_time": "2020-05-06T22:28:09.062Z", "user": 1, "content_type": 1, "object_id": "6", "object_repr": "Slaven je Kralj", "action_flag": 3, "change_message": ""}}, {"model": "admin.logentry", "pk": 4, "fields": {"action_time": "2020-05-06T22:28:46.488Z", "user": 1, "content_type": 1, "object_id": "7", "object_repr": "Slaven je car", "action_flag": 3, "change_message": ""}}, {"model": "admin.logentry", "pk": 5, "fields": {"action_time": "2020-05-06T22:28:46.502Z", "user": 1, "content_type": 1, "object_id": "5", "object_repr": "Sta ima jos?", "action_flag": 3, "change_message": ""}}, {"model": "admin.logentry", "pk": 6, "fields": {"action_time": "2020-05-08T09:53:17.762Z", "user": 1, "content_type": 6, "object_id": "1", "object_repr": "admin", "action_flag": 2, "change_message": "[]"}}, {"model": "admin.logentry", "pk": 7, "fields": {"action_time": "2020-05-08T10:46:14.127Z", "user": 1, "content_type": 1, "object_id": "4", "object_repr": "Sta ima novo?", "action_flag": 2, "change_message": "[{\"changed\": {\"name\": \"choice\", \"object\": \"Ma evo\", \"fields\": [\"choice_text\"]}}, {\"changed\": {\"name\": \"choice\", \"object\": \"Ma nista\", \"fields\": [\"choice_text\"]}}]"}}, {"model": "admin.logentry", "pk": 8, "fields": {"action_time": "2020-05-09T15:33:21.952Z", "user": 1, "content_type": 1, "object_id": "1", "object_repr": "Koju muziku slusas?", "action_flag": 2, "change_message": "[{\"changed\": {\"fields\": [\"votes\"]}}]"}}, {"model": "admin.logentry", "pk": 9, "fields": {"action_time": "2020-05-09T15:33:31.835Z", "user": 1, "content_type": 1, "object_id": "3", "object_repr": "Sta radis?", "action_flag": 2, "change_message": "[{\"changed\": {\"fields\": [\"votes\"]}}]"}}, {"model": "admin.logentry", "pk": 10, "fields": {"action_time": "2020-05-09T15:35:31.620Z", "user": 1, "content_type": 1, "object_id": "2", "object_repr": "Na letovanju najvi\u0161e volis da:", "action_flag": 2, "change_message": "[{\"changed\": {\"fields\": [\"question_text\"]}}, {\"changed\": {\"name\": \"choice\", \"object\": \"da trazis jogurt\", \"fields\": [\"choice_text\"]}}]"}}, {"model": "admin.logentry", "pk": 11, "fields": {"action_time": "2020-05-09T15:36:04.273Z", "user": 1, "content_type": 1, "object_id": "3", "object_repr": "Muskarac bez 100 kila nije muskarac.", "action_flag": 2, "change_message": "[{\"changed\": {\"fields\": [\"question_text\"]}}, {\"changed\": {\"name\": \"choice\", \"object\": \"Tacno\", \"fields\": [\"choice_text\"]}}, {\"changed\": {\"name\": \"choice\", \"object\": \"Netacno\", \"fields\": [\"choice_text\"]}}]"}}, {"model": "admin.logentry", "pk": 12, "fields": {"action_time": "2020-05-09T15:36:29.872Z", "user": 1, "content_type": 1, "object_id": "4", "object_repr": "Koji ti je omiljeni sok?", "action_flag": 2, "change_message": "[{\"changed\": {\"fields\": [\"question_text\"]}}, {\"changed\": {\"name\": \"choice\", \"object\": \"Zuti\", \"fields\": [\"choice_text\"]}}, {\"changed\": {\"name\": \"choice\", \"object\": \"Crni\", \"fields\": [\"choice_text\"]}}]"}}, {"model": "admin.logentry", "pk": 13, "fields": {"action_time": "2020-05-09T15:37:29.563Z", "user": 1, "content_type": 1, "object_id": "5", "object_repr": "Koji lik bi najradije glumili?", "action_flag": 2, "change_message": "[{\"changed\": {\"fields\": [\"question_text\"]}}, {\"added\": {\"name\": \"choice\", \"object\": \"Baletan\"}}, {\"added\": {\"name\": \"choice\", \"object\": \"Cak Noris\"}}, {\"changed\": {\"name\": \"choice\", \"object\": \"Rambo\", \"fields\": [\"choice_text\"]}}]"}}, {"model": "admin.logentry", "pk": 14, "fields": {"action_time": "2020-05-10T17:12:21.302Z", "user": 1, "content_type": 1, "object_id": "6", "object_repr": "Test question", "action_flag": 3, "change_message": ""}}, {"model": "admin.logentry", "pk": 15, "fields": {"action_time": "2020-05-10T17:14:33.998Z", "user": 1, "content_type": 1, "object_id": "7", "object_repr": "question", "action_flag": 3, "change_message": ""}}, {"model": "admin.logentry", "pk": 16, "fields": {"action_time": "2020-05-10T17:14:59.836Z", "user": 1, "content_type": 1, "object_id": "8", "object_repr": "Test Pitanje", "action_flag": 3, "change_message": ""}}, {"model": "admin.logentry", "pk": 17, "fields": {"action_time": "2020-05-10T18:51:28.921Z", "user": 1, "content_type": 1, "object_id": "9", "object_repr": "dfsadf", "action_flag": 3, "change_message": ""}}, {"model": "admin.logentry", "pk": 18, "fields": {"action_time": "2020-05-10T18:55:22.839Z", "user": 1, "content_type": 1, "object_id": "10", "object_repr": "fdgfd", "action_flag": 3, "change_message": ""}}, {"model": "admin.logentry", "pk": 19, "fields": {"action_time": "2020-05-10T19:12:10.286Z", "user": 1, "content_type": 1, "object_id": "11", "object_repr": "Koji sok ti je omiljeni?", "action_flag": 3, "change_message": ""}}, {"model": "admin.logentry", "pk": 20, "fields": {"action_time": "2020-05-10T19:14:43.413Z", "user": 1, "content_type": 1, "object_id": "3", "object_repr": "Muskarac bez 100 kila nije muskarac?", "action_flag": 2, "change_message": "[{\"changed\": {\"fields\": [\"question_text\"]}}]"}}, {"model": "admin.logentry", "pk": 21, "fields": {"action_time": "2020-05-10T22:40:27.236Z", "user": 1, "content_type": 1, "object_id": "14", "object_repr": "Sta radis?", "action_flag": 3, "change_message": ""}}, {"model": "admin.logentry", "pk": 22, "fields": {"action_time": "2020-07-01T19:22:10.954Z", "user": 1, "content_type": 1, "object_id": "19", "object_repr": "Slaven", "action_flag": 3, "change_message": ""}}, {"model": "admin.logentry", "pk": 23, "fields": {"action_time": "2020-07-01T19:22:10.967Z", "user": 1, "content_type": 1, "object_id": "18", "object_repr": "Slaven", "action_flag": 3, "change_message": ""}}, {"model": "admin.logentry", "pk": 24, "fields": {"action_time": "2020-07-01T19:22:10.979Z", "user": 1, "content_type": 1, "object_id": "17", "object_repr": "Slaven", "action_flag": 3, "change_message": ""}}, {"model": "admin.logentry", "pk": 25, "fields": {"action_time": "2020-07-01T19:25:03.312Z", "user": 1, "content_type": 1, "object_id": "21", "object_repr": "Slaven", "action_flag": 3, "change_message": ""}}, {"model": "admin.logentry", "pk": 26, "fields": {"action_time": "2020-07-01T19:25:03.325Z", "user": 1, "content_type": 1, "object_id": "20", "object_repr": "Slaven", "action_flag": 3, "change_message": ""}}, {"model": "admin.logentry", "pk": 27, "fields": {"action_time": "2020-07-21T16:53:49.360Z", "user": 1, "content_type": 1, "object_id": "22", "object_repr": "text", "action_flag": 3, "change_message": ""}}, {"model": "kviz.profile", "pk": 1, "fields": {"user": 1, "timestamp": "2020-05-08T09:53:17.757Z"}}, {"model": "kviz.profile", "pk": 2, "fields": {"user": 2, "timestamp": "2020-05-10T20:43:53.438Z"}}, {"model": "kviz.profile", "pk": 3, "fields": {"user": 3, "timestamp": "2020-05-10T22:34:07.214Z"}}, {"model": "kviz.profile", "pk": 4, "fields": {"user": 4, "timestamp": "2020-05-10T22:35:00.108Z"}}, {"model": "kviz.profile", "pk": 5, "fields": {"user": 5, "timestamp": "2020-05-11T20:16:30.312Z"}}, {"model": "kviz.profile", "pk": 6, "fields": {"user": 6, "timestamp": "2020-05-19T20:53:49.275Z"}}, {"model": "kviz.question", "pk": 1, "fields": {"question_text": "Koju muziku slusas?", "creator": 1, "votes": [3, 5, 6]}}, {"model": "kviz.question", "pk": 2, "fields": {"question_text": "Na letovanju najvi\u0161e volis da:", "creator": 1, "votes": [1, 2, 6]}}, {"model": "kviz.question", "pk": 3, "fields": {"question_text": "Muskarac bez 100 kila nije muskarac?", "creator": 1, "votes": [1]}}, {"model": "kviz.question", "pk": 4, "fields": {"question_text": "Koji ti je omiljeni sok?", "creator": 1, "votes": [1]}}, {"model": "kviz.question", "pk": 5, "fields": {"question_text": "Koji lik bi najradije glumili?", "creator": 1, "votes": []}}, {"model": "kviz.question", "pk": 12, "fields": {"question_text": "Kako se smejes?", "creator": 1, "votes": [1]}}, {"model": "kviz.question", "pk": 13, "fields": {"question_text": "Omiljena zurka?", "creator": 2, "votes": []}}, {"model": "kviz.question", "pk": 15, "fields": {"question_text": "sta radis na malti", "creator": 5, "votes": []}}, {"model": "kviz.question", "pk": 16, "fields": {"question_text": "what is your favourite alcohol", "creator": 6, "votes": []}}]